{
  "generated_at": "2026-05-04T10:22:25.179225+00:00",
  "n_scores": 2432,
  "score_stats": {
    "min": 15.915422853366175,
    "p10": 40.511817782988395,
    "p25": 46.32993246969191,
    "median": 52.342485783373874,
    "p75": 58.696598870166866,
    "p90": 64.44352838581466,
    "max": 85.52788459881982,
    "mean": 52.3791674856058,
    "std": 9.606750701361015
  },
  "targets_pct": {
    "strong": 10.0,
    "watch": 30.0,
    "avoid": 10.0
  },
  "thresholds": {
    "strong": 64.5,
    "watchlist": 55.0,
    "avoid": 40.5
  },
  "realised_distribution_pct": {
    "STRONG": 9.8,
    "WATCH": 29.4,
    "NEUTRAL": 50.8,
    "AVOID": 10.0
  },
  "realised_counts": {
    "STRONG": 238,
    "WATCH": 716,
    "NEUTRAL": 1236,
    "AVOID": 242
  }
}